gen,peptide
ABCA1,"['TLVQELFSM' 'SLGTLVQEL' 'LLHSLGTLV' 'GECFGILGV' 'RLFPPTSGT' 'ILTRLFPPT'
 'TTMSILTRL' 'WVLGIICNA' 'TLPWVLGII' 'GTLPWVLGI']"
ABCA13,['SVFNKFISI' 'YLTEDILNI' 'SLPYLTEDI']
ABCA4,['NIPALVALL' 'TSPENIPAL' 'YTSPENIPA' 'STFEELEHI']
ABCA6,['GLRKVDARL' 'AAVKGLRKV']
ABCA7,['ITFVGGSQV' 'KLSVAITFV' 'IAFVGSSQV']
ABCC1,['AMKTKTHQV' 'FLKRLRIFL' 'SIVQASVFL']
ABCC10,['FSGPPLLSL' 'MLGFSGPPL' 'TVALHVYQA' 'SQQEVPASL' 'LLQSSQQEV']
ABCC2,['GLMVLVIPI' 'VLAGVGLMV']
ABCC3,['KALAITNSV' 'VIYRKALAI']
ABCC6,['GFLDRVLGI' 'RLRSAITAL']
ABHD14A,['KSPIFYREV' 'GLTPGKSPI']
ABHD14B,['FLVAVVDAL' 'APGSFLVAV' 'ELAPGSFLV']
ABLIM1,['RLIVEDWRV' 'KLFPYEMLM']
ACACB,['VLPTFFHHA' 'AEGIPIIYV']
ACAD11,['TLFSIGFPV' 'KVQKTLFSI' 'REFKVQKTL']
ACAN,['AQLATTGQL' 'RLGAQLATT']
ACP2,['ALCGSILFL' 'ALALCGSIL']
ACP5,['SHDHNLQYL' 'YLCSHDHNL']
ACSL6,['RMCDKIFSQ' 'LLNRMCDKI']
ACTR5,['FLHEHSYIA' 'TLSRMEEFL']
ACY3,['RAMPALTPA' 'FTVRAMPAL']
ADAM22,['YICGICSLL' 'AYICGICSL' 'HVDQASFQL']
ADCY2,['ISSSHTIVL' 'VLISSSHTI' 'ALLGVFFAL']
ADCY7,['NMTNFYLVL' 'KNMTNFYLV']
ADGRA2,['SLFVFTHHC' 'AASALSLFV' 'TLSHISVWA']
ADGRB1,['TLFQILFAV' 'STLFQILFA']
ADGRD1,['SMLPSLFMT' 'LLSSMLPSL']
ADGRF2P,['FTDKHPVDI' 'RLFTDKHPV']
ADGRG5,['CIVASLITV' 'LVGCSICIV' 'SLVGCSICI']
ADGRL1,['FLVVTLHKM' 'NLVFLVVTL' 'VVNLVFLVV' 'IVVNLVFLV']
ADGRV1,"['FLREPIALY' 'FFLREPIAL' 'FVITEGTLI' 'GLDSEGLTA' 'FSVGSQLAV' 'GEMKKSLHV'
 'LLGYIAIHL' 'YFLVNLTYI']"
AHNAK,['SMPDVDLHM' 'KVDIDVPNV']
AHNAK2,['RMLSPGKSI' 'SEGEGLQSL' 'WLEGDLSLA' 'KVDLKGPQV']
AIG1,['FTDLVIQAV' 'FLTFTDLVI']
AKAP9,['TLGQEVQEL' 'TQVDQVREY']
ALDH3A1,['YLHSEPLGV' 'ELYLHSEPL']
ANK1,['GQDEVAREL' 'ALAGQDEVA']
ANK3,['RKFHKPITV' 'ETLKLVYRL']
ANKFY1,['HISAHKFEL' 'RLNNTRVLL']
ANKRD44,['MLVVAYGHI' 'GQTPLMLVV']
ANKRD50,['REDSIQTLL' 'LLVKAGAPV']
ANKS3,['LLLEVGVSV' 'TIVHLLLEV']
ANO1,['AVYAAAYPL' 'LLANAVYAA' 'SLLANAVYA' 'GITSLLANA']
ANO2,['LVFFSIFMA' 'ALVFFSIFM' 'LFDNPALVF' 'HLFDNPALV']
ANXA1,['HLEDVVLAL' 'ALTGHLEDV']
AOX1,['FLFKFYLQV' 'AQTAFNESI']
APOB,['RETQIYKKL' 'KLDFRETQI' 'LLDQLETTI' 'VLLDQLETT' 'NLNELSFKT' 'FIDDAVKNL']
APOL1,['ISSGNLTLV' 'SISSGNLTL']
APOOL,['TVSGLVGLV' 'ITVSGLVGL' 'GVITVSGLV']
AREG,['LLPQAPVVL' 'PLLPQAPVV' 'MRAPLLPQA']
ARHGAP21,['KLLSKDDTI' 'NEFPVFPTA']
ARHGEF11,['KLAPLRVKI' 'IFLEKLAPL']
ARHGEF2,['ALVELLQEK' 'RLGDLLVSQ']
ARID5A,['TLGPVPPEA' 'LLGPTLGPV']
ARL11,['SVAELTEVL' 'RLPESVAEL']
ARL6IP1,['MIVPLAAVA' 'TMIVPLAAV' 'MTMIVPLAA' 'FMTMIVPLA' 'YFMTMIVPL']
ARMC9,['KDVPFLPSL' 'KLKDVPFLP']
ASB11,['VQGVNVNLV' 'IVQGVNVNL' 'TLIVQGVNV' 'LLALKTLIV']
ASB15,['LADHIYQSY' 'LLADHIYQS']
ATG2A,['GQGPGPHML' 'TLGAVTLTL' 'KMTLGAVTL' 'LLKMTLGAV' 'SLLKMTLGA']
ATM,['FLDPAICFE' 'ELDELALHA']
ATMIN,['HQTQTIDLL' 'MTDHQTQTI']
ATP13A1,['NLETFFFIL' 'LLASCFLFI' 'GLLLASCFL']
ATP13A4,['AISFLLCLV' 'KVVLNPFYI' 'PIWKLLIKV']
ATP1A2,['ELDELRKEV' 'KNLEVVETL' 'CLVKNLEVV']
ATP6V0D2,['LYPEGLQLL' 'KLYPEGLQL' 'GVFKPLFEA']
ATP6V1E2,['MMALIEQEA' 'KQIKHMMAL']
ATP7B,['KVLAVVGTV' 'SQVSVHISM']
ATP8B3,['LIMKYWTAL' 'ILIMKYWTA' 'ITMEVILIM' 'NLITQGTVL']
ATR,['LTFGSSLFV' 'LQLTFGSSL']
AVPR1B,['LTDPAVALF' 'ALTDPAVAL' 'HLALTDPAV']
BAAT,['LIYTNALGL' 'AQLIYTNAL']
BACH2,['FSVTKSVEL' 'SLFSVTKSV' 'SCLRSLFSV']
BANK1,['VFPAGSVHV' 'ALVFPAGSV' 'CMKALVFPA' 'KVWCMKALV']
BDP1,['EVIDATEEM' 'FMPIPLLPA' 'AQFMPIPLL']
BEST1,['YANLVNVLI' 'IRYANLVNV' 'TLIRYANLV']
BICD2,['NQLEDAIRL' 'YLNNQLEDA']
BLTP1,['ILGTFSISA' 'ALILGTFSI']
BPI,['LVSPPATTA' 'GLVSPPATT']
BRD2,['VLWKHQFAW' 'YLHKVVMKV']
BRD7,['RIQSVKQSI' 'LSQERIQSV']
BTAF1,['HVAARCVGV' 'MLNIVEHDL']
BTNL9,['LLSLETSVV' 'IVWDAQDLL']
BUB3,['SSWDASVRL' 'LVSSWDASV' 'FLLVSSWDA']
C22ORF23,['YIMKRGDAL' 'IQQRHIMYI']
C2CD2,['ILLLSEPGA' 'LLVRNIHIL' 'KLLVRNIHI']
C2CD3,['SLCSHLEPT' 'VLSSLCSHL']
CACHD1,['ILDEAQCLA' 'SILDEAQCL']
CACNA1B,['MLNLVLGML' 'FMLNLVLGM']
CACNA1H,['VLFNPLVAI' 'YVLFNPLVA' 'RQHQEAEEV']
CACNB2,['HRFEGWISI' 'SLPLSPILA']
CAPN3,['VIYEVPKEM' 'TIGFVIYEV' 'SLFTIGFVI' 'ASLFTIGFV']
CARD9,['LLEGFRVTL' 'SLLEGFRVT']
CARS1,['KLEQEAAKL' 'KLVDINTLL']
CASR,['ALQDIFTCL' 'AVYSIAYAL']
CATSPERE,['LSDDERWSV' 'NNFTHLITV' 'FFNNFTHLI']
CAV3,['FTCISFCHI' 'FLFTCISFC' 'LLWGFLFTC' 'ALLWGFLFT']
CBFA2T2,['AIAEAEQKA' 'AMSEVQKAI']
CC2D1B,['RLSQEAEEV' 'GQKVNFAEL']
CCDC18,['SVASLRHEL' 'SLLASVASL']
CCDC191,['SLRNVSLSA' 'NLQGSLRNV']
CCDC74B,['LLNPPVAER' 'CLLLNPPVA']
CCNI,['QLIHCQELV' 'SQLIHCQEL']
CCR7,['ITIHVAQMV' 'FITIHVAQM' 'VEAFITIHV']
CCR8,['MLCLAVWLT' 'TMLCLAVWL' 'RMGTMLCLA']
CCT8L2,['AIYHGIDAY' 'AEQAIYHGI' 'EVDEEILTL' 'VLGEVDEEI']
CD1A,['LLDAGKAYL' 'VIMPLLLLI' 'AVIMPLLLL' 'LAVIMPLLL' 'ILAVIMPLL' 'IILAVIMPL']
CD207,['LVPGETPTV' 'SLVPGETPT']
CD3D,['VIASLLLAL' 'VTDVIASLL' 'IVTDVIASL']
CD3E,['MLVATIVIV' 'VMLVATIVI' 'MEMDVMLVA' 'CMEMDVMLV']
CDC25B,['SQVGTLLFL' 'QMFEQAIQA']
CDC42BPG,['LLPHMLCAA' 'GLPLLPHML']
CDC5L,['HLGLLGLPA' 'HLHLGLLGL']
CDH13,['AVYQEFVET' 'VIAVYQEFV']
CELF6,['FGAFVSAKV' 'LPFGAFVSA']
CELSR3,['VIAEPGCVV' 'LLPPSHRVI' 'ALGPLPKLL']
CENPF,['NQQEYSLTL' 'KINQQEYSL']
CEP192,['RENECVSEI' 'GLSCQLGSA' 'MPAAVHTLL' 'NMPAAVHTL']
CEP55,['AILKELRKA' 'QLHAILKEL']
CFAP70,['IIRVPLVTI' 'VEIIRVPLV']
CHD7,['LSDPELSFL' 'ILSDPELSF']
CIAPIN1,['KLYSALTLS' 'KTASKLYSA']
CLCA1,['QIKDVVTQA' 'TLIQQIKDV']
CLCA2,['SLTFRTASL' 'YTNNFITSL']
CLIC1,['ALNVLDNYL' 'GLLKALNVL']
CMKLR2,['NVIIFIWLL' 'NSLNVIIFI' 'RTLKNSLNV']
CMTM4,['RIPHINWNL' 'NLHMRIPHI']
CNKSR3,['LCLDVTTTV' 'KIIQLCLDV']
COG6,['VLESISEDV' 'EVKEVLESI' 'SIFKEVKEV' 'RQAHFVQVL']
COL18A1,['ILLFHIRPA' 'SLFFRDFIL' 'SLFFRDWSL']
COL6A3,['VFILAAESL' 'VLSPVFILA' 'IVLSPVFIL' 'NMCSQHPYV']
COMMD8,['KIIDDICGR' 'LLHKIIDDI']
COQ4,['RLQKGLLAA' 'SLRALQEEL']
COQ5,['RFDIYTIAF' 'MVAPGSCAL']
CPAMD8,['YTDEAVHAF' 'VVMTDRVSV']
CPT1C,['NLQEIPPTL' 'LLYRHRLNL']
CPXCR1,['FTYIHTMNV' 'DIFTYIHTM' 'GFVDIFTYI']
CREB5,['TMGHVMEMM' 'NTMGHVMEM']
CSMD1,['FTYGTVVHY' 'ELFTYGTVV' 'NLNDVMNFT']
CUL3,['KLFSRVPHG' 'RQNNVENVY' 'RVYVRQNNV']
CXCR3,['SLIFLLGLL' 'YSLIFLLGL' 'ALYSLIFLL' 'FLPALYSLI']
CXCR6,['MIACYSVII' 'TMIACYSVI' 'LTMIACYSV' 'FLPLLTMIA']
CYB5R1,['VITPMLQLI' 'TVITPMLQL' 'GMIAGGTVI']
CYB5R3,['SQYLENMQI' 'KMSQYLENM']
CYP21A2,['LALGFLHLL' 'SLHLPPLAL']
CYP2D6,['DTTAVIHEV' 'HMPDTTAVI' 'AHMPDTTAV']
CYP4F3,['ALTLLRFRV' 'KVVLALTLL' 'AEMKVVLAL']
CYSLTR1,['TLYSIISVV' 'STLYSIISV' 'QVYSTLYSI']
DCC,['FLQRLSNVV' 'YFLQRLSNV' 'RQLYFLQRL']
DCHS2,['SLNALDFDA' 'STICSLNAL' 'TASDQFVNV' 'FLKDVLFLK']
DDT,['RILIHFFPL' 'GQDRILIHF']
DDX51,['VILHLVLEM' 'SLSSKPLVI']
DDX52,['FSVTFAYDV' 'AMFSVTFAY' 'RAMFSVTFA']
DDX54,['LLPTRELAL' 'ILLPTRELA']
DDX60L,['ILKDLSIAV' 'KILKDLSIA' 'ELGAKFWEL']
DENND3,['LLSPRRLTV' 'IYIINVHGM' 'IYIINVQSM']
DGKH,['EIMLRAISL' 'TEIPWFYYI' 'KLTEIPWFY']
DHRSX,['SIWQFVQKF' 'SMTSIWQFV']
DHTKD1,['RLLAAVSTL' 'MLLRLLAAV' 'KMLLRLLAA']
DHX38,['GMGYTSDYI' 'SLFGMGYTS']
DISP3,['HVVFGVQYL' 'FLYHVVFGV']
DLEC1,['SAMRFGTQV' 'DQLQQIWEL' 'MPLRAVVAV' 'QVMPLRAVV' 'TQVMPLRAV']
DMBT1,['YLWSWPHNG' 'FRFGAFHFL']
DMD,['NLDHYQTAL' 'LMSEVPALA' 'SLMSEVPAL' 'MPSSLMSEV']
DMGDH,['KMIVQDSWV' 'KIIGLEHPL' 'REVGKIIGL']
DMXL2,['SQLSVPMPL' 'RVLPNSFNI']
DNAH1,['FLNIFLSGV' 'KLIELVKYM' 'KLRKLIELV' 'YLVSKLRKL']
DNAH11,['QALGMMVYV' 'LLALHLHRV' 'LADLLALHL' 'ILKGQVHEM' 'VHCHWVPFL' 'LLADVTKKT']
DNAH2,['TVMQAVMIL' 'AQVETVMQA']
DNAH3,['VVTQQILSI' 'VLSVVTQQI']
DNAH5,['RMDLNYIAA' 'RVQHGMMTL']
DNAH7,['EVFGWLPSV' 'AMSPIGDEF']
DNAH8,['ITLPPGEGV' 'RQTKEEITL']
DNAH9,['GIYEHYFVF' 'KLIYFTDDM' 'TLTQTLHLT' 'LLENGLLKL']
DNAI4,['ALIPPELKT' 'KTALIPPEL' 'RMAVSKTAL']
DNAJC10,['SLVSLTPTT' 'LMNPSLVSL']
DNAJC13,['AIIRPLPRV' 'RVFSIGTHA']
DNAJC3,['ALPDLTEVI' 'AALPDLTEV']
DOCK2,['LIAWQIRFL' 'LASPKTLRV']
DOCK3,['KLHHVMNEL' 'DLFYKLHHV' 'EEKDFVLRV']
DSCAM,['TLSKEALNV' 'LMPCPAAGI']
DST,['MTYPLKLTY' 'IQMTYPLKL' 'SEIQMTYPL' 'KISEIQMTY']
DUOX2,['FLSKDKFFT' 'ALTCKLSRA']
DYNC1I1,['GISPELPLV' 'QSIGISPEL']
DYNC2H1,['WLCHKNLHL' 'GLSDSTSGL' 'SEVQKLNSA']
EBLN2,['FIGLEKSSV' 'KDMPNFIGL']
ECD,['QLDQLLQEA' 'LLLEAADFL' 'GEFLLLEAA' 'SVDWPEMSL']
ECE1,['SMSEAERKA' 'KVFYDYTAV']
ECHS1,['RVKKPVIAA' 'KHWDHLTRV']
EDEM3,['MQWYNEELL' 'YMQWYNEEL']
EDIL3,['IIDPPIYAR' 'NIIDPPIYA']
EIF2B1,['TLCGADSSV' 'SAIETLCGA']
EIF2B5,['FILVYGDVI' 'LVRSDFILV' 'ALVRSDFIL']
EIF3M,['TLIESLCEK' 'KQETLIESL']
EIF4G1,['WALPPVSPL' 'LMVQPPQIA' 'VLMVQPPQI' 'VAPTPVLMV']
ELAC2,['GTFGQLCRL' 'SQYLEIIFL']
ELMOD2,['RQMTEKCEL' 'NLVRGIPTM' 'HLYNLVRGI']
ELOVL2,['MLAKLILST' 'YMLAKLILS' 'VLWKKTSQI']
ENC1,['SQAAPMLVA' 'TLHEEWSQA']
ENPP7,['ALKDVHPKL' 'KVYDALKDV']
EP400,['ALIKAVGKL' 'AQSPALIKA']
EPHX1,['LVYPVKEKV' 'RDVELVYPV']
EPPK1,['YFDEEMNHV' 'VTLPSTREV' 'RLLEAEIAT' 'KLLSAKRAV']
ERMP1,['RMVTVAIAA' 'SITNVVVKL' 'YYDSITNVV' 'SYYDSITNV']
ESPL1,['FLVIESVSI' 'TAFLVIESV']
ESRP2,['REDQLILRL' 'FLSREDQLI']
ESRRB,['AEPDKVYAM' 'LLVAEPDKV']
EWSR1,['YIAQPTQGY' 'AQQGYSAYI']
EXOSC10,['LVDPNDVIL' 'LLVDPNDVI']
FAM135A,['MLYKNEEVV' 'QMLYKNEEV' 'LICSKTFQM' 'TLHEDLRIL']
FAM174B,['LIVCLLLRV' 'TLLIVCLLL' 'FAFTTLLIV']
FAM83C,['TLVVGSPLL' 'STSPLTLVV']
FASTKD5,['RLGYCVVEL' 'QLARLGYCV']
FAT2,['KTTLHFIGL' 'FTKTTLHFI' 'FAIFLLHCV']
FAT3,['LLYFQTLST' 'RALLYFQTL']
FAT4,['FQIDPETGL' 'VQSSEVPNL']
FBXO31,['VVLEVRERV' 'ELSRVVLEV']
FBXO47,['MLSMVFKTV' 'SMLSMVFKT' 'GLVDELSVV' 'TADDVIGLV' 'WTADDVIGL']
FCER1A,['MVMEGQPLF' 'LLQASAEMV' 'LLLQASAEM']
FCGR3A,['RLQTNLSTL' 'GEYRLQTNL']
FCGR3B,['RLQTNLSTL' 'GEYRLQTNL' 'VNDSGEYRL']
FCRLA,['HLLMCLREL' 'LLGHLLMCL' 'VLLGHLLMC']
FDPS,['LLEVCIYRL' 'INDANLLEV']
FER1L6,['LVPANIRPV' 'KSSDIYVKV' 'KIGDIPISF']
FFAR3,['LLPVWLEMA' 'ILLPVWLEM']
FGG,['ILDERFSSY' 'VLFLSSTCV' 'NLILYFYAV']
FHDC1,['IAFLEPAEV' 'RQARPTIAF']
FIRRM,['TALSALLAV' 'SLNTALSAL' 'GELESLNTA' 'ILLTMVQLL' 'TLRNILLTM']
FKBP14,['YKDEVKAYL' 'KLYKDEVKA']
FLNA,['AKSPFELYV' 'HIAKSPFEL']
FMR1NB,['ILLFLCYYL' 'LSIWILLFL']
FN3K,['AQRLLLYQL' 'KAPGFAQRL']
FOLR3,['KMMQLLLLA' 'NLPPWIRQV']
FOXS1,['TLSGIYCYI' 'YIALIAIAI' 'YSYIALIAI']
FREM1,['WASPIFISI' 'LAWASPIFI' 'LLLAWASPI']
FREM2,['YVTDGINPL' 'YMHTADDEV' 'NLFFTITRA']
FRY,['RLDLAMKEI' 'FIAQERLDL' 'TLFVDAKTL' 'SQHQRSFSV']
G6PC1,['FTIGFYLLL' 'FSFTIGFYL' 'FLFSFTIGF']
GAB1,['TLHPPYQLI' 'ATLHPPYQL']
GABRA3,['AILNLVYWA' 'VLFAILNLV']
GAL3ST3,['QVEEVLSLV' 'RQVEEVLSL']
GAPDH,['LINGNPITI' 'KLLINGNPI']
GAPVD1,['SLLTMFDPL' 'SQSESLLTM']
GCN1,['TVLHLTEGL' 'VLGLLDIIL' 'AVLGLLDII' 'GELEAVLGL' 'ELDGELEAV']
GDF2,['LLSLNLSGV' 'FLLSLNLSG']
GEMIN4,['SLSMEDRQV' 'YLNRTSLSM' 'ALIIIWTKV']
GEMIN7,['TLHEGVCVA' 'FTLHEGVCV']
GFPT2,['AIVEHTNRV' 'FASDASAIV']
GFRA3,['VLSLFSCTL' 'AVRPQPWVL']
GHSR,['WASSIFFFL' 'TVMVWASSI' 'GLLTVMVWA' 'AINHILYNI' 'YLSAAINHI']
GJB2,['TIGKIWLTV' 'TTIGKIWLT']
GKAP1,['AVFSSVPTT' 'MASAVFSSV']
GLMN,['ASLAYVVFV' 'SMASLAYVV']
GNA14,['NIIFWMVDV' 'YLTDIDRIT' 'YLTDIDCIA']
GNL1,['VLARIYPIA' 'QVLARIYPI' 'RQLQVLARI']
GNPAT,['AIHEHPVVL' 'RAIHEHPVV']
GNPTAB,['ATFKETNQL' 'FLSGFPATF']
GPAA1,['YMPTVGFLL' 'GLYMPTVGF' 'SIGLYMPTV' 'SLEGMFRKL']
GPR137,['GQAMVLLYA' 'AMGQAMVLL' 'AAMGQAMVL']
GPR155,['LQIPIVFMV' 'VLQIPIVFM' 'LGLLRVLQI']
GPR179,['QTVKVVQKL' 'EMGEQTVKV' 'LIFNPPPGA']
GPR31,['VVSGLVWLL' 'LVVSGLVWL' 'LLSPQAALV']
GPR6,['LLGVHLPLA' 'TLLGVHLPL']
GRIA4,['NVAGIFYIL' 'SNVAGIFYI']
GSDMC,['LSDFQHDFL' 'VLSDFQHDF']
H1-3,['AVSELITKA' 'ASGPAVSEL']
H2BC7,['YLYKVLKQV' 'SYSVYLYKV']
HAUS8,['MLSPFKAVA' 'EMLSPFKAV']
HBA2,['FTPAVQASL' 'AEFTPAVQA']
HDAC10,['AILDVAVRR' 'SAAAAILDV']
HDAC5,['LLGPISNKM' 'KLLGPISNK']
HEATR5B,['TLGHMLSLL' 'SLCENADQA' 'RIISLCENA']
HEPHL1,['CLLGIGSEV' 'MTNWCLLGI']
HERC1,['LLYSLQKQL' 'HLHELLYSL' 'ALAWPEEGL']
HERC2,['LATPCMPLL' 'RLATPCMPL' 'AVLAVIGGV']
HEXB,['IIDDQSFPY' 'KFDTPGHTL']
HGSNAT,['FIMNSSIFL' 'FVFIMNSSI']
HIRA,['AIMDISWTL' 'VIHELFDKA']
HIVEP3,['SMPSATCTI' 'ALLCGSPRL']
HKDC1,['CIADFLDYV' 'DVVSHLTKA']
HOXD4,['FQHPGLYPR' 'GADFQHPGL']
HSD17B8,['SIIGKVGNV' 'NISSIIGKV']
HSF5,['QSPEYLYTI' 'SLPQSPEYL']
HSPA13,['IRIPRIRQV' 'VLVGGSIRI']
HTR2A,['LSLSCLSLL' 'CLSLSCLSL']
HYDIN,['KVDFGHCFL' 'ALHLVNTKV']
IARS2,['YQSSLLTSV' 'SLWETPRLP' 'RSLWETPRL']
ICE2,['FMDTPEEFI' 'SEDPNAEKL']
IGF2R,['VLTIPEVQV' 'FCDGHSPVV']
IGSF10,"['NIDFINPEV' 'HMDHNNIDF' 'SLIKFLYLS' 'ISLIKFLYL' 'LQIFKISLI' 'YLQIFKISL'
 'DMIEELAQA' 'NLTDMIEEL' 'SQVIPTGAV' 'FRTEISQVI']"
IGSF11,['QVAQGQPAV' 'SIFINNPQL']
IGSF3,['RMEGSHITI' 'FVLKIYHLL']
IKZF2,['FLDHVIYTI' 'RVLFLDHVI']
IL22RA1,['GQLPLFSSV' 'YLKGQLPLF']
IL27,['ILSRAVREL' 'LLHSLELIL' 'RLLHSLELI']
INF2,['KLFEAIEQK' 'ALDKLFEAI' 'RALDKLFEA']
INPP5K,['HVSIINCHL' 'KLYGYHVSI' 'CLKLYGYHV']
INSIG1,['ATLITRFLV' 'LATLITRFL' 'FLATLITRF']
INTS10,['RLMLACFKL' 'AIMPYCLRL']
INTS7,['MLGCLASII' 'RMLGCLASI']
INTS8,['VYSAVILGI' 'EVPSVYSAV' 'WEVPSVYSA']
IPO4,['VMLLLLAYL' 'YSREVMLLL']
IQCG,['EILETLEPL' 'IIPEILETL']
IQGAP2,['AVDHINAII' 'AAVDHINAI' 'HTDNTIQWL']
IQSEC1,['SLHAEEAPA' 'ALNCRSLHA']
ITGA7,['LLFEAPGTY' 'YLLFEAPGT']
ITGA8,['SVAHIIANY' 'ITASVAHII']
ITIH5,['RLKVWKDHL' 'SIIGFSNRL']
ITPR3,['FLICFSIAA' 'LISLLFWFL']
KCNA4,['EVDEPTTHF' 'SSAVYFAEV']
KCNH5,['LLNNVRDFL' 'RYHELLNNV' 'ILVDIVLNF' 'SVVDVIILV']
KCNH6,['HAWSYTTGI' 'FQHAWSYTT' 'LIMDIMFVV' 'DLIMDIMFV' 'TVVDLIMDI']
KCNH8,['FTLNSLTSV' 'ALYFTLNSL']
KCNK18,['RLPIIALIV' 'RLDIRLPII']
KCNMB2,['LMFFLLMTT' 'VLMFFLLMT']
KCNN2,['SSIHALPGL' 'TLISSIHAL' 'KLETLISSI']
KCNQ5,['TMHSMATQV' 'ALSPTMHSM']
KCNT2,['SIMRLLLGL' 'YMISIMRLL']
KIAA0753,['FFLDQSASF' 'VLEEGPFFL']
KIAA1217,['KIIKKLCEL' 'YLHEEEKII']
KIAA1755,['FLGEKEEAL' 'YTSGALEEI']
KIDINS220,['GLVARDVKV' 'FLSSRTPGL']
KIF12,['IAAQQVHAL' 'AQNEQRIAA']
KIF16B,['ISPLHINKV' 'MLQSAISPL']
KIF1A,['SLHHRILFA' 'SVSSLHHRI']
KIN,['LKPEIIVKI' 'YIDRHPETI']
KLF11,['VLQGAVMLV' 'AVLQGAVML']
KLK15,['MLHCANISI' 'SLPDMLHCA' 'SQVSLPDML']
KMT2D,['HLLNLDLDL' 'ATDGPAHLL' 'AADASEHRL' 'WLYHFPCAT']
KRT6B,['RILEQQNKV' 'SFIDKVRIL']
LAMA1,['TEIMAKTTL' 'CLLEPIQSV' 'NLIFSLELL']
LAMA2,['LTSPPGYTI' 'SIVPSTHHL']
LAMP1,['LLLLLLLLL' 'RLLLLLLLL']
LANCL2,['WLVHWCHGA' 'SLSNETDWL' 'AVIESGKTL' 'AIKEVVNAV']
LAP3,['GLAPLCEDM' 'WLSNKLFEA']
LARGE1,['RQNPLHFHL' 'VLFHRQNPL']
LATS2,['NMLHIPAQV' 'KVINWENML']
LGR4,['FQSLISLRI' 'GTFQSLISL']
LGR5,['FYDNPIQLV' 'HFYDNPIQL']
LHFPL2,['AEFIAFMSA' 'AFAEFIAFM' 'IVVAFAEFI']
LHFPL3,['ALIGILDAL' 'YILALIGIL' 'VRWAYILAL']
LILRA1,['VLRILLFEA' 'VLVVLRILL' 'GLVLVVLRI']
LILRA2,['TLWAEPASV' 'YTMENLIRM' 'GQHPQDYTM' 'TLSAQPSPV' 'HLLKPTLWA']
LINGO2,['VSLGVFTGL' 'KLVSLGVFT' 'RLKLVSLGV']
LIPH,['YMVGVSLGA' 'ASLDDIYMV']
LIPI,['GLIEEPRLY' 'KLLNQLGLI']
LLGL2,['ALLTNLGDI' 'WLVEPQCLV']
LMBRD1,['AISLFLSNL' 'LLFAISLFL' 'ILVALLFAI' 'FILVALLFA']
LRIT2,['NLLHVTVVL' 'RENLLHVTV']
LRP2,['RINTTYCRV' 'GEDRNIVVF']
LRP5,['IVDQLPDLM' 'VIVDQLPDL' 'YLNQTGATV' 'TIDNADQRL']
LRRC37A2,['NAFEENYFM' 'KLAGNAIYT']
LRRC4,['SLRPTVTTI' 'TVLIQTPRV']
LRRCC1,['YLDLSSNQI' 'FMDKGLHSI']
LRRFIP2,['VFDLLETLL' 'EVFDLLETL' 'MTKEVFDLL']
LRRK2,['FPIGEEYLL' 'IAFPIGEEY']
LRRTM1,['LGPDLFHGL' 'ALGPDLFHG' 'KLQALGPDL']
MAG,['VLLSSDFRI' 'AGDNPPVLL']
MAGEF1,['LFPDIITRA' 'ILFPDIITR']
MAN2A2,['YLNAPALTL' 'WGAEVLYSL' 'HLWGAEVLY' 'VLEAHLWGA']
MAN2B1,['NLDKLIWLV' 'KNLDKLIWL']
MAP3K6,['AVSPRPEEL' 'AIVELVETL']
MAPK15,['SLGCILREM' 'TQALHHPYV' 'FMDTDLNAI']
MAPK8IP1,['YESAIREEY' 'ILSLRPPRA' 'LQCKDILSL']
MARK1,['GITQRVPAA' 'YRPGITQRV']
MC1R,['GLIICNAII' 'FLGLIICNA' 'KNFNLFLGL']
MCHR2,['WAVSFILAL' 'GLWAVSFIL' 'RINLGLWAV']
MDM4,['SMEEQLDNL' 'YYLGQYIMV' 'VMYYLGQYI' 'TVKEVMYYL']
MEGF11,['FLIVVRLGL' 'LLFLIVVRL']
MFN1,['AEGSHFVEA' 'FVAEGSHFV' 'FSMGWSSLV']
MFN2,['QIAEVVRLI' 'KQIAEVVRL']
MFNG,['RLHDVFIAV' 'KLRLHDVFI']
MGAT1,['VVWNALLLL' 'FVVWNALLL' 'ILFVVWNAL' 'AILFVVWNA']
MGAT4A,['VYYHLPHLL' 'SVYYHLPHL' 'QVPSVYYHL']
MKI67,['VTDEPVRLK' 'SVTDEPVRL']
MLLT6,['QLAVFTATA' 'SLPSAQLAV']
MMACHC,['HLRILTDPV' 'FLQSCHLRI']
MMP1,['FADIDEVRF' 'YEFADIDEV']
MMUT,['MEKEDAVEV' 'YQMEKEDAV']
MRGPRX2,['SLSLLVRIL' 'SSLSLLVRI' 'VLCGSSLSL']
MSH3,['SVQPVELLL' 'VMIITGPNV']
MTHFD1,['GLPLLKAYI' 'TVTAGLPLL']
MTHFD1L,['RTMSTMPGL' 'FIYPLVRTM']
MTHFD2L,['QPADIIIVA' 'TQPADIIIV']
MXRA5,['IYQEGTLLI' 'YQIYQEGTL']
MYH14,['KQVEGIVGL' 'EIWKQVEGI' 'LTAEIWKQV']
MYH15,['ELLDALSDL' 'LQLELLDAL' 'LMGINSSEV']
MYH7,['KMFNWMVTR' 'AVYEKMFNW']
MYH8,['LQAEIQELW' 'LLQAEIQEL']
MYO1B,['AVVAAMLKL' 'VLAVVAAML' 'SVLAVVAAM']
NADSYN1,['ATLLHSFQV' 'RLGPACWLW']
NCAN,['VTPDLEPWV' 'LVPKVTPDL']
NCAPD2,['MLAAMAEMV' 'AMLAAMAEM' 'MMRNAMLAA' 'YMMRNAMLA' 'FQAVVALVV']
NCDN,['ILGLLMARL' 'LLAANVAIL' 'LLLAANVAI']
NDUFB8,['LVVQWLQRA' 'AVARAGVLV']
NEB,['KQLGNHIGA' 'LMDSMNTVL' 'TLMDSMNTV']
NEDD4,['IQWLFVNRI' 'YLVIQWLFV' 'YIYLVIQWL']
NEK11,['LLIGSCDLA' 'RLLIGSCDL']
NEMP1,['LLIFSGCLV' 'LLLIFSGCL']
NEPRO,['MQVLGACKL' 'VVELVLMQV']
NES,['LQSQIAEVL' 'GLQSQIAEV']
NFIC,['DEFHQFIEA' 'TQDEFHQFI']
NFIL3,['IIKPEPMEL' 'FQIIKPEPM']
NHLRC2,['GLSSCWFLT' 'KLTEGLSSC']
NKAIN3,['FSLVGFVYA' 'ILFSLVGFV' 'SAVQILFSL']
NLRP14,['YLQDDGVKI' 'SLDLGNNYL']
NLRP2,['FVIDSFDEL' 'GMNFLCEAL']
NLRP5,['YLWKIRVDV' 'YPTCKIQTL']
NLRP9,['FFEEVLIYI' 'VMNFFEEVL']
NOC2L,['FLKQCRMLL' 'LVPCFLTFL']
NOL6,['AVDSPTASF' 'RQAVDSPTA']
NOL9,['GAIALPHCV' 'CLLVGAIAL' 'YMPDLTLQY' 'QLYHILTPV']
NOS1,['ALIMRLEDA' 'LVNALIMRL']
NOTCH2NLA,['GQYCNSLYV' 'FSCKCLTGV']
NOX1,['MEYVTFTSI' 'TTMEYVTFT']
NPFFR2,['IIIMSPSAV' 'MIIWVLAII']
NPHP3,['LAPDHLSLA' 'ALAPDHLSL']
NPHP4,['LQFVPSQRV' 'LVLQGTQTV' 'RLSLVLQGT' 'TLPPSRSQV']
NPHS1,['ALPKNLTVV' 'WALPKNLTV']
NRCAM,['GAIHRTISV' 'ALGAIHRTI']
NRIP1,['AVQRSVPAL' 'MAPAVQRSV']
NUF2,['CLNELKLSV' 'KMKDMVQKL']
NYNRIN,['TLSFFMGFM' 'TIPSNFTTL' 'QVVAHLAQL']
OBSCN,['MAGEVVFSV' 'AENKMHVSL']
ODF2L,['SEAIVMKEA' 'RMNKSEAIV']
OIT3,['QTSKLLIPV' 'FIIQTSKLL']
OMA1,['LYPLSPASI' 'SVLYPLSPA']
OPCML,['FLVSTGVPV' 'LLFLVSTGV']
OR10A5,['AQDTTIAFL' 'LLAQDTTIA']
OR10AD1,['YIVSFVCCM' 'HLVVRDYIV']
OR10AG1,['SLHWMLFSI' 'LGFSDIPSL']
OR10G7,['FGSGLFIYL' 'VLCFFGSGL']
OR10G8,['LMPLLNPVV' 'VLMPLLNPV']
OR10J1,['AMGYDCYVA' 'TAMGYDCYV']
OR10V1,['ILSIPLSLI' 'IILSIPLSL' 'IISFIILSI' 'ALYIISFII']
OR13A1,['LMWAASSEL' 'QLYFLMWAA' 'AQLYFLMWA' 'CMAQLYFLM']
OR13C8,['LADSVVQTA' 'GLADSVVQT' 'WVTGLADSV']
OR14I1,['FASVELAFL' 'FSAFASVEL' 'YFFSAFASV' 'NLTKVTQFL']
OR1J2,['YIGATILKV' 'TLGVVVITL' 'VMFTLGVVV' 'LVMFTLGVV' 'ELVMFTLGV']
OR1L4,['TETKIISYV' 'MLVNFLTET']
OR1Q1,['KTVVMCHAL' 'MLCVKTVVM' 'RMLCVKTVV']
OR2AG1,['FLALTMGSA' 'ELMLYVMGV' 'SRYELMLYV']
OR2AT4,['MAYDHYVAI' 'VMAYDHYVA' 'VVMAYDHYV']
OR2C1,['FVTAVPLSI' 'GVCTFVTAV' 'VLNGVCTFV']
OR2J3,['VVLFVVVLI' 'HLEVVLFVV']
OR2M3,['SVLVLLIYL' 'FMGNSVLVL']
OR2M5,['LVMIVFPVA' 'CLVMIVFPV' 'FICCLVMIV' 'KVLFICCLV']
OR2T8,['LMYFLLSQL' 'RLHTLMYFL']
OR4A16,['FIGHLLGGA' 'GQLFIGHLL']
OR4K5,['IVDSFFCDL' 'NLPFCGPNI']
OR4N2,['CSDTFVVEL' 'LACSDTFVV' 'KLACSDTFV']
OR4N4,['NQSQDIQLL' 'KLLMFGPAI' 'CTTRVIIKL' 'FVVAPRMLV' 'FLDASYSFV']
OR51B2,['YFIAIRNPL' 'MAYDYFIAI' 'AMAYDYFIA' 'LAMAYDYFI']
OR51E2,['LIIRMVLQL' 'LIIPTVLQL' 'SYFLIIPTV']
OR51T1,['SVWGLFLQL' 'YSKPWISSV']
OR52E2,['GLEALHIWI' 'LLGIPGLEA']
OR56A3,['TLPIPIISA' 'LMTLPIPII']
OR5B2,['YGTVILIYL' 'SVFYGTVIL']
OR5I1,['MIYQGTLLF' 'VMIYQGTLL']
OR5J2,['LVQHLCFGV' 'FSACLVQHL' 'ATISFSACL']
OR5K2,['AVFFAIYLI' 'FAVFFAIYL' 'LLFAVFFAI' 'TLLFAVFFA' 'ELKTLLFAV']
OR5M9,"['FGTPIFMYL' 'MFFGTPIFM' 'SMFFGTPIF' 'AIVHVEVYI' 'FIAIVHVEV' 'YFFIAIVHV'
 'VQCYFFIAI']"
OR6K2,['AVILHIHSA' 'GIVAVILHI']
OR6K6,['YIRNIIVIL' 'SYIRNIIVI' 'ALSYIRNII' 'IALSYIRNI']
OR7D2,['TLLPTVMAY' 'ILDTLLPTV']
OR8H3,['MGMLLIIRL' 'MLGNMGMLL' 'TMLGNMGML' 'YLITMLGNM' 'FIDLSHSTV']
OR8K3,['IMSQRVCQV' 'YTVIMSQRV']
OR9G4,['NIFLAILRI' 'YVNIFLAIL' 'LISYVNIFL']
OR9Q2,['MVTPMLNPL' 'VLYTMVTPM' 'RVVSVLYTM']
OTOA,['YSPFLFLFL' 'TTYSPFLFL']
OXCT2,['VMAVEVEEI' 'AADVMAVEV']
P2RY2,['FAIILVCYV' 'AVPFAIILV' 'FAVPFAIIL' 'LLFAVPFAI' 'AASDALYAA']
P3H4,['SLSEYLAVF' 'RSLSEYLAV']
PACC1,['HLYPGQAQL' 'RYDAPGIHL']
PAPOLB,['HLVDNIDNF' 'EILHLVDNI']
PARN,['MLLDIMHTV' 'YVFPKPFSR']
PCDH18,['LLGAGFSDL' 'SPIDRLLGA' 'SLSTVEHFT']
PCDHB11,['LLLPQDLHL' 'AQVNYSLLL']
PCDHB6,['RVLDLNDNA' 'SLVVRVLDL']
PCLO,['SIIESLVPK' 'MASSIIESL']
PCSK4,['LQHIHIYSA' 'SLQLQHIHI' 'SLSLQLQHI']
PCSK9,['GILIGLEFI' 'TVSGILIGL' 'MMLSAQPEL']
PCYOX1L,['TQLSVAESL' 'FVNMTQLSV' 'STFVNMTQL']
PDE1A,['LMVGLAYPA' 'YLMVGLAYP' 'RMYRKTYLM' 'SLKNNLVDI']
PDE1C,['SLGLHTADI' 'ALSLGLHTA']
PDE4B,['VLTDLEILA' 'ALDAVLTDL']
PDE6A,['GITELATRL' 'LVSSLPAYV' 'ALVSSLPAY']
PDE8A,['AALAFQLTI' 'SENRVIVGV' 'KLSENRVIV']
PDPR,['RTSPLYDWL' 'ETLEIMNLV']
PDZD2,['GMTPAGAIL' 'ASGQGIYSV']
PER2,['ALPHASFTV' 'AAPPALPHA' 'LLLQPVPHC']
PEX26,['LLEAEELVV' 'CLLEAEELV' 'VLLPLGCLL']
PEX6,['SLGLRLSGL' 'ELLSLGLRL']
PGR,['KLPKILAGM' 'VIAAKLPKI' 'MMSEVIAAK']
PHACTR4,['LLPMISPRL' 'RADKPWTCL']
PHKA2,['LAFPISRTM' 'RMTGRPTLA']
PI4KA,['MSPPHPLTA' 'SMSPPHPLT' 'SSMSPPHPL']
PIGK,['GLWELIIMV' 'ILGLWELII' 'FILGLWELI']
PIGT,['NLIWRARGV' 'RLANLIWRA']
PIGV,['CLNPANVFL' 'ALLFCLNPA']
PIGZ,['LLPGVALTA' 'VLLPGVALT' 'LVLLPGVAL']
PIK3R1,['GQHNDSLNV' 'SLGQHNDSL']
PKD1,['VLSSHVNRA' 'DLGSYLVTV']
PKD1L1,['WLWGILLFL' 'GLMIDWPKA' 'RLLCCGEDV']
PKD1L2,['GQGRHLVFI' 'WLDTSRVTY' 'GTWLDTSRV']
PKHD1,['LLALFYHEL' 'STSKLLLAL']
PKN1,['FLHEHRIVY' 'LQFLHEHRI']
PKNOX1,['ITMPVNMNV' 'AVVTITMPV' 'VLPKHATNM']
PKP2,['SIPANLALL' 'VFDSIPANL' 'QITDHAVNL' 'YLSLITKSV']
PLCE1,['QFPEEVTSI' 'FPLNPTTSL']
PLD5,['VIDNAKQYV' 'AIYSVIDNA']
PLEC,['NIAGLLLKA' 'KLLSAKKAV']
PLP2,['IVAAIFFVV' 'MIVAAIFFV' 'SVIEMIVAA' 'SLSVIEMIV']
PLXNA2,['KLGDSLAQA' 'YLAKLGDSL' 'LQAAYLAKL']
PLXNA3,['HVIKGLPLL' 'FLGRPQPRV']
PLXNA4,['KQQVYTSKL' 'RITEIILVT']
PM20D1,['LVFPTVSRL' 'ILAAAVNRL']
PNLIP,['RLDPAEPCF' 'GTIGRITRL' 'VTGHIIVSL']
POLE,['MPDSELYEL' 'SIDLKIHLA' 'LSIDLKIHL']
POLI,['LLARLLNRV' 'KIEELLARL']
POLN,['LLIPILAVM' 'LLLIPILAV' 'TLELLLIPI' 'QLFRTLELL']
PPT1,['ALQHLDPLA' 'RALQHLDPL']
PRAMEF10,['NLCELFLAF' 'SQMSNLCEL']
PRDM2,['RLTPVTVEI' 'GINCRLTPV' 'DLYGINCRL']
PRDM7,['LSLPLGLRI' 'SALSLPLGL']
PRELID3A,['VMDPVEKKM' 'SVMDPVEKK']
PRKDC,['HLSEAVVAA' 'FQHLSEAVV' 'CVISVICCV' 'AAYNCVISV' 'KMSGKHDVV' 'FMLGKAMQM']
PROS1,['RSAWLLIAL' 'SIDRSAWLL']
PROSER3,['FQDDPVVQV' 'SEFQDDPVV']
PRPF31,['FIVPNLSII' 'RMSFIVPNL']
PRR5L,['SLNENIRRL' 'ELYSLNENI' 'LQSNELYSL']
PRSS16,['VLVGGVVQY' 'ALQVLVGGV' 'LLGALQVLV' 'ELLGALQVL' 'AELLGALQV']
PRSS3,['LLIKLSSPA' 'TLDNDILLI']
PRTG,['YTFYVVAYM' 'ASNYTFYVV' 'ASFSRPFGV']
PRUNE2,['SMMQLYSET' 'RLSTENPAL' 'ALFDGDPRL']
PRX,['GLVPGVAEL' 'EAAGLVPGV' 'AEDTAGYRV']
PSD3,['IVDFSKDLL' 'NLQGVNEIV']
PSMD3,['LIIQLRHNV' 'GTYTLIIQL']
PSMD6,['AQLCFLLSL' 'RIAQLCFLL']
PTCH1,['AMSTLLGVL' 'GAMSTLLGV' 'VLDGAMSTL']
PTPN3,['TLDFYGVVL' 'RTLDFYGVV']
PTPN5,['MVADFWRMV' 'SMVADFWRM' 'TQGPIVSMV']
PTPRD,['LTLGVIEAI' 'MLTLGVIEA' 'CVAMLTLGV' 'YTCVAMLTL']
PTPRZ1,['IYDTMIEKF' 'VIYDTMIEK' 'VTWERPRVI']
PVRIG,['VLLTFCVTA' 'VLPWVLLTF']
PYCR1,['ILDEIGTDI' 'SAFQPAPRV' 'KLDSHAGTA']
PYGB,['LILVDVEKV' 'ELMLILVDV' 'SIPELMLIL' 'LSIPELMLI' 'ALSIPELML']
QPCT,['HLQLLVAAL' 'TLHLQLLVA' 'GTLHLQLLV']
QSER1,['ATVGKLQNI' 'SMTATVGKL' 'HLEDQVIGV' 'VIYSSQSQV']
RAD50,['KLDTASSKI' 'QQCNFQLLV' 'SQQCNFQLL']
RALGAPA2,['MTDLPLDKL' 'EITPLLPAV']
RASAL2,['AQVEHASVM' 'LQDTHAAQV']
RASGRP1,['ALHNHISEL' 'KLLALHNHI']
RBM26,['LANYVLALV' 'ALANYVLAL']
RECK,['AVIISQVQV' 'LSAVIISQV']
REN,['YLIDRDGKA' 'SQGGGHYLI']
RET,['FLCPNISMA' 'DLMSFAWQI' 'TMGDLMSFA']
RETREG3,['AQRVLVEVL' 'AAQRVLVEV' 'QQVEAAQRV' 'RDLPDFPSV']
REV3L,['IIPPWQQPI' 'HQQEQLVKI']
REXO1,['SLKKPVIPK' 'SLQSLKKPV']
RFTN2,['AIVGEQWTV' 'VLLGFTLQA']
RGR,['RLNALVAAT' 'ALADSGIRL']
RGS14,['VLVDQEVRL' 'DLRKLVSSV' 'WLPLGVEEL']
RHBDF2,['KLAGWHCIA' 'SVCSGYSHL' 'WQDDTGPLM']
RHPN2,['HIPEGLTPL' 'LYDHIPEGL' 'QLYDHIPEG' 'CLSQLYDHI']
RICTOR,['LVRDIVQWL' 'YLEDLVRDI']
RIF1,['EVPEVYSCL' 'KLDEVPEVY' 'SKLDEVPEV' 'ATFAKAMML' 'VSPPLVNCV']
RIN2,['AQPPMIFLV' 'VLQAQPPMI']
RNASET2,['MLAYWPDVI' 'EMLAYWPDV']
RND3,['RDIFHIATL' 'SVRDIFHIA']
RNF103,['TLGAYNSLL' 'SQIKTIYNA']
RNF182,['ILPDDNNIL' 'CLPDDEVSI']
RNF186,['AAHPLLLAL' 'RLAAHPLLL']
ROBO1,['NISSGCSSV' 'ILSSSSIEV' 'VLHLHNPTI']
ROS1,['VVTHVKLLV' 'GHTDVVTHV' 'VLTGHTDVV']
RP1L1,['HLDSGLWEL' 'SSAAVTPAV' 'LLGTSSAAV']
RPRM,['IMRGVQIAV' 'YIMRGVQIA' 'RSLYIMRGV']
RRBP1,['FIVAPVATV' 'IYDTQTLRV']
RSAD1,['RTLAEALRL' 'ALRTLAEAL' 'SLDDAELRL']
RSPH3,['EIADHIIEV' 'YLEEIADHI']
RTN4,['KQDETVRLV' 'HLFLVDDLV' 'KELRHLFLV']
RTN4RL1,['GLGTFRGLV' 'KLWSLGLGT']
RUSC2,['SIFQLVAQT' 'SLDKSIFQL']
RUVBL1,['ELFPGVLFV' 'GIAELFPGV']
RYBP,['AVTVHNVTV' 'QLAVTVHNV']
RYK,['LVINEFSSA' 'WMALESLVI']
S100A13,['HLIKDVGSL' 'QLPHLIKDV']
S1PR1,['VMGWNCISA' 'LILGGLPVM' 'SLILGGLPV']
S1PR3,['FLIDVAFRV' 'FTAILVTVV' 'IFTAILVTV']
SAA4,['VSCSLVMGV' 'RLFTGIVSC']
SCN3A,['NLRETCYSI' 'RMLRVFKLA' 'FRMLRVFKL']
SCN4A,['SLAALEQRA' 'FTRESLAAL' 'FLWDPWNWL']
SCN5A,['IIVSFLIVV' 'YIIVSFLIV' 'TTYIIVSFL']
SDK1,['SLWLRWVPL' 'KLLAWPTDA' 'REAVTVVTI']
SEC14L1,['QLDRDYSMV' 'WQLDRDYSM']
SEC16A,['SQIYRSYNV' 'ALLEADSGA']
SEC22C,['FAHEEIGNI' 'SLQFAHEEI' 'HLAEHSLQF']
SEPTIN10,['YTDAQFEAY' 'IVDYTDAQF']
SERAC1,['SMKPEMSTV' 'FLANLDRET']
SESN2,['LLARRPWLI' 'KLLARRPWL']
SFT2D1,['ILDASSLSF' 'AQILDASSL' 'GLTAQILDA']
SGF29,['LLTQLHQLI' 'ELLTQLHQL' 'RIAELLTQL']
SH3TC1,['WLCHFYSAV' 'SQLRAVQWL' 'YQDRALPLA' 'FYQDRALPL']
SIDT2,['HQKEAVVSF' 'FVVHQKEAV']
SIM2,['YLYDSCYQI' 'RQYMLDMYL' 'WVQSYVTVV']
SKIC2,['CIMESVNGL' 'IQRCIMESV']
SLC10A1,['IVPLFFFPL' 'FPPEVIVPL']
SLC10A4,['KLDEVAVVA' 'FKLDEVAVV']
SLC13A1,['SLMLPMFGV' 'TYFKDFHLL' 'STYFKDFHL' 'SSFTFSFPA']
SLC13A2,['VLFWCTEAL' 'MVLFWCTEA' 'ILMVLFWCT' 'CAYAIILMV' 'LLNIIGVCI']
SLC15A2,['TLSIAFIVV' 'YTLSIAFIV' 'TICGSNYTL']
SLC16A13,['ISDLVGHVV' 'AISDLVGHV']
SLC16A7,['GLITGLGLA' 'LTMGLITGL' 'VQLYLTMGL']
SLC17A6,['SLGQIYRLL' 'KSLGQIYRL' 'ILIPSAARV' 'TLNILIPSA' 'LLTSTLNIL' 'ILLTSTLNI']
SLC22A18,['ALSTLLGAV' 'ILAALSTLL' 'AILAALSTL']
SLC22A4,['VLYVFTAEL' 'FSVLYVFTA' 'TSAFSVLYV' 'FGITSAFSV']
SLC22A9,['LITNTIILI' 'SLITNTIIL']
SLC25A12,['AAVYPIDLV' 'SVAGAVGAA']
SLC25A19,['LMDCAKEVL' 'GLMDCAKEV' 'LQFSCYRSL']
SLC25A27,['LLSGCVATV' 'FLLSGCVAT']
SLC25A38,['SICAALRSI' 'YGYESICAA']
SLC26A9,['AIVSYFINL' 'SLAIVSYFI']
SLC2A10,['LLSYVLNYA' 'TVGILLSYV']
SLC2A14,['MLMTVSLLL' 'SMLMTVSLL' 'GMAFCSMLM']
SLC2A4,['ALFEIGPGP' 'FGFVALFEI' 'VAIFGFVAL']
SLC2A7,['FQYAYNLSV' 'SAFQYAYNL']
SLC34A1,['SLLFGISMA' 'LLPSLLFGI' 'LLLPSLLFG']
SLC34A3,['VLIIMGVNV' 'VSVLIIMGV']
SLC38A4,['AMSSYFFII' 'GAMSSYFFI']
SLC38A8,['MLVILPLSA' 'SMLVILPLS' 'LSMLVILPL' 'TLPLLSMLV' 'FTLPLLSML']
SLC39A14,['FLQNLIHRY' 'SAASFLQNL']
SLC45A2,['YLLGAIGWA' 'YEYDSIEKV']
SLC5A11,['YLATVGLLA' 'DLYLATVGL' 'HLDLYLATV']
SLC5A2,['SVSAVFVLA' 'YLAPSVSAV']
SLC5A4,['ELRGLMLSV' 'LMPQELRGL' 'VLELMPQEL']
SLC66A1,['SMLYLLSRL' 'SISSMLYLL' 'GSISSMLYL' 'FVIGSISSM']
SLC6A14,['TMYYNVIIA' 'VLISIFVTM' 'IITPILLIA' 'FIITPILLI']
SLC6A2,['RMPLFYMEL' 'FLIIARMPL' 'TLFLIIARM']
SLC6A4,['VLGFVIFTV' 'FVLGFVIFT' 'MTSFVLGFV']
SLC6A5,['YVLPGSVAT' 'ATDGITYVL' 'LATDGITYV']
SLC6A7,['LTPQFYHLL' 'YLTPQFYHL' 'IIAYVPFYL' 'CVAVYLMGL' 'GLICVAVYL' 'FSGLICVAV']
SLC7A9,['LMSGISIIV' 'GLMSGISII']
SLC9A4,['YASNVWFAA' 'STAQYASNV']
SLC9A9,['LLMFFTVWV' 'TLLLMFFTV']
SMARCA2,['LIIVPLLTL' 'YLIIVPLLT']
SMARCA4,['ILAASKYKL' 'TLSNWTYEF']
SMC4,['YIVVVSIDI' 'HALDYIVVV']
SNX14,['WLYHLLMGT' 'QVPDWLYHL']
SNX29,['KYIGAVQML' 'QLKKYIGAV' 'VQLKKYIGA']
SNX5,['YLMKVAELF' 'KYLMKVAEL' 'VIKKYLMKV']
SON,['ALQLQESSV' 'SQMLVSNTM' 'NTMDSQMLV']
SORL1,['LTVESDIKV' 'NYLSFTLTV']
SPAG9,['GLSSAGSGL' 'SLFEGLSSA']
SPARC,['HLFATKCTL' 'TFDSSCHLF' 'KTFDSSCHL']
SPATA2L,['LSPGTLPTL' 'CLSPGTLPT']
SPEF2,['LAGPVSDEV' 'SQDPQHVFL']
SPEN,['RQQEYQEKA' 'FLDWDFRFA' 'AMMPVGVEE']
SPG11,['HISEQEEPV' 'ALWGYLTAR']
SPIRE2,['QLTPFEILM' 'FQLTPFEIL' 'AAEPATMFV']
SPNS1,['VFVTGSLAL' 'SSLGFTAVV']
SPTA1,['WMSRQESFL' 'VMALYHFQA' 'GLAKVQNRL']
SPTBN4,['WLWHQAFMA' 'KLRACNHRL']
SRRD,['ILQKNYTYI' 'RILQKNYTY']
STIM2,['GLLVAGAAV' 'GLTETNSMI']
STK3,['RSVSDIIRL' 'QQCSSPYVV' 'MQQCSSPYV']
STRC,['GQLCRGPQL' 'STSQLRIVV']
SULF1,['VGPPTIVRV' 'AVGPPTIVR']
SUOX,['LLGLSAVLA' 'TLLGLSAVL' 'GTLLGLSAV']
TAAR6,['SLVASLACA' 'QLHSPTNSL']
TAF1B,['LLHEAVSLV' 'SLLHEAVSL']
TAF4B,['LQTVKICTV' 'AVPANLQTV' 'LLQPEKPVV' 'VLLQPEKPV']
TANC1,['GLSDHFHYE' 'GIMDKTTRF']
TAOK2,['MVDEEVWGL' 'LLLLPFLAA' 'LLLLLPFLA' 'LLLLLLPFL']
TARS1,['ETLWRIYGI' 'ADMETLWRI']
TAS2R30,['ALAVPRVGL' 'LTALAVPRV']
TAS2R41,['YLPSLKLVI' 'YYLPSLKLV']
TAS2R9,['MLVSIVNVV' 'SMLVSIVNV' 'GTYGNSMLV']
TBC1D10B,['SLPVTEALI' 'FLVHEVTSL']
TBC1D9,['VVFQLALAV' 'FFYEGIKVV']
TBCD,['SATQVFSRL' 'LLARNQPEL']
TCF20,['ALSSQVANL' 'SLSALSSQV']
TCF25,['MSPYHVDSL' 'LLQMSPYHV']
TCF7L1,['LSFPATLHA' 'LASPLSFPA' 'ALLASPLSF']
TCTE1,['YLSPDLPLA' 'VLNYLSPDL' 'HQQKVLNYL' 'SLNLCLNCI' 'NLISLNLCL']
TCTN1,['LLHPQAKIV' 'SLLHPQAKI']
TDO2,['NMNPTIHKF' 'WIPNMNPTI']
TDRD1,['MLIEMGYGL' 'LLDHMLIEM']
TECPR2,['SIVVHLTAL' 'LLGVNNSSV']
TEX14,['KLDSLLTSF' 'MLESKDRGV' 'NMSTTEEYV' 'RLLLQISDA' 'VIVRLLLQI' 'LHMEVIVRL']
THADA,['FLCQGTPAM' 'RQSPCLVTR']
THOC6,['RVVPLAVPL' 'MERVVPLAV']
TIAM1,['ILSQPSLGL' 'MLKDILSQP']
TIE1,['KQIDVIWKS' 'RLMVRGCGA']
TIMELESS,['YQLLWAIHL' 'AMVQIQDCL']
TLN2,['GMTKGITMA' 'ASSPEFVSI']
TM4SF20,['TIPATTMSL' 'GLMTIPATT' 'IIGAGLMTI']
TM6SF2,['LQHPADLAL' 'GLLQHPADL' 'AVVDLIIAL' 'FAFTAVVDL' 'AVFAFTAVV' 'FAVFAFTAV']
TM7SF3,['ILSNVTFLI' 'ILHDILSNV']
TMCC1,['AMMEIACVA' 'SAMMEIACV']
TMCO2,['LLGIGIYVL' 'ILLGIGIYV']
TMEM101,['MLYTERAEA' 'QLMLYTERA']
TMEM104,['HIYLAIFTL' 'RVDAYHIYL']
TMEM117,['KCVAFVPSL' 'SLDVKCVAF']
TMEM132B,['DLVTKFMKV' 'ITDLVTKFM']
TMEM154,['LQFILMVLI' 'QLQFILMVL' 'NQLQFILMV']
TMEM167B,['GLFYKAAVI' 'GVWGLFYKA']
TMEM175,['VMTFLIVTV' 'YVMTFLIVT' 'AVYVMTFLI' 'LATRIAVYV']
TMEM270,['VTSWHLAYL' 'MTAVTSWHL']
TMEM62,['VLSQLIILI' 'IVLSQLIIL' 'VLIVLSQLI']
TMEM67,['LLLPRFLQA' 'LLLLLPRFL' 'FLLLLLPRF' 'AVTAFLLLL']
TMPRSS6,['FEGEWPWQA' 'FLGYEAEVM' 'YFLGYEAEV' 'AMYDVARPL']
TNF,['RLFSFLIVA' 'FLRLFSFLI']
TNFRSF10B,['VIIGVTVAA' 'SLSGVIIGV']
TNFRSF1B,['LTIGVVNCV' 'ALGLLTIGV']
TNFSF15,['IYLGAIFSL' 'FQPIYLGAI']
TNKS,['VLYKHGAKM' 'NTYLTFHCV' 'GQQGTNTYL']
TNS2,['YISYFSGLL' 'RYISYFSGL']
TOP2B,['VLMMTIVNL' 'SAYHHGEQV']
TP53,['HMTEVVRRF' 'HMTEVVRRY' 'LLGRNSLEV' 'FQLAKTCPV' 'KMFFQLAKT' 'ALNKMFFQL']
TPCN1,['FLLKGGNFF' 'WILVETFLL']
TPH2,['AEFSQEIGL' 'KFAEFSQEI' 'LADPKFAEF']
TPK1,['FQVTHITPF' 'TLFQVTHIT' 'ASVNTLFQV']
TRAK1,['GLPGPAPAL' 'LLCGLPGPA']
TRAP1,['QLDTHPAMV' 'LQLDTHPAM' 'TLQLDTHPA' 'ALEKLCHKL']
TRIM32,['TVSAASTSV' 'WAMEATVSA']
TRIT1,['LAVPVGSGL' 'VAAALAVPV' 'ASVAAALAV']
TRPM3,['MVDDISKEL' 'RQQEKHISL']
TRPM6,['FVKDSLLSL' 'KVSFVKDSL' 'EMNEKVSFV' 'FRFQKEEKL']
TRPV6,['LLIEHEADI' 'TMCCIYRPL' 'LLYIICFTM' 'YLLYIICFT']
TRRAP,['KLLQRGIAA' 'AAFAMVAHV' 'TVPYLVERI' 'FQTTVPYLV' 'IFQTTVPYL']
TSC22D2,['LLDGQQAAA' 'LLLDGQQAA']
TSPAN15,['ILFMDNYTI' 'IMDNYTIMA' 'WIMDNYTIM']
TTBK2,['SRWQHCIEI' 'KLSRWQHCI']
TTC21A,['LMAGILYYS' 'SLMAGILYY']
TTC23,['MLSTAPRVA' 'GMLSTAPRV']
TTC29,['SLLRIYRLL' 'LACESLLRI']
TTLL5,['FLLHTLSEA' 'RVIGEHYHL']
TTN,"['GQCTATASL' 'IVVDVSDRA' 'RLMIHEAFA' 'EIRETVFSV' 'ILTFVKDTI' 'SEQEILTFV'
 'ALDSEQEIL' 'ILENSNLTI' 'MLLAEVAGI' 'NMYGNGEPV' 'TVTEFDDAV' 'MIIKSGESL'
 'ISVLRILSV' 'FSFYNKISV' 'GVVPFKEYV' 'VIGERSVTV']"
TTYH2,['QLSEIFAAR' 'AQLSEIFAA']
TUB,['SLASVQQGA' 'YQVMQFGRV']
TUBGCP2,['TLSAHSAKV' 'RTPYVTTTL']
TULP4,['TLPSPGSSA' 'ALANVSQRL']
TXNRD1,['MAAETDLPV' 'TLSEMAAET' 'ALEGTLSEM']
UBA6,['FPAAVEHTI' 'TLKSFPAAV']
UBAC1,['ELGKILVSL' 'FQTELGKIL']
UBE2J2,['LTGLLMFMV' 'ILTGLLMFM']
UBQLN4,['MMVNMPLFA' 'AQMMVNMPL']
UGT1A4,['VIMNNVSLA' 'MVIMNNVSL' 'RSMVIMNNV']
UGT2B15,['NQMIFMERI' 'VMSELSNQM' 'CLFCFQKLA']
UGT2B28,['ALKWTSALL' 'MALKWTSAL']
UNC13A,['GEHEVTVKV' 'GTGEHEVTV' 'TRFELPLNI']
UNC13B,['ALYHVQYTC' 'SAISGAIRL']
URB2,['GVLEVISAL' 'SILGVLEVI' 'EQLESILGV' 'LLQQGEEAI' 'ALLQQGEEA']
USP34,['ALVQGTSLI' 'RLTEVFLAL']
USP44,['HELHTFFQV' 'SLCHELHTF']
UTP6,['SIVHQVQGV' 'IENSIVHQV']
VAC14,['AAIGMMTRI' 'HLSDAAIGM' 'VLNCHLSDA']
VAX2,['WLLEQGRLL' 'ATSNILWLL' 'FATSNILWL']
VPS13A,['FCLKYPEYL' 'FLKEFCLKY']
VPS16,['SAAEELLCV' 'KQLTIHVLL']
VPS18,['LLADQVEAV' 'LLLADQVEA' 'FLLLLADQV']
VPS26A,['KELALPVEL' 'LVKELALPV']
VPS50,['NLCKALWEV' 'SYIPCLANL']
VSIG10,['YSPAFCWKV' 'GLLLHYSPA']
VWA3B,['HLIQAVESY' 'FVEHLIQAV' 'IYQFVEHLI']
WDR43,['VLSLMFTTI' 'FTGHATPVL']
WDR72,['LLYPHGLSL' 'EMNQMLPKL']
WDR93,['MINKLLNLL' 'RMINKLLNL']
WHRN,['ALAALLSEA' 'QLHQALAAL' 'RQLHQALAA' 'ALVLALFKL']
WWTR1,['TLAPVEAAV' 'GLGLGCCSV']
YAP1,['AMWNINPST' 'LLRQAMWNI']
ZDHHC11,['LIATLLYVL' 'CLIATLLYV' 'MLCLIATLL' 'GMLCLIATL']
ZDHHC8,['MAFGLVYVL' 'VMAFGLVYV' 'MVGVMAFGL']
ZFPM2,['KQNFCLVTA' 'FLMNQRPEI']
ZFYVE1,['LHNDLFTFL' 'RLHNDLFTF']
ZFYVE16,['FMVQITPET' 'VEDGFMVQI' 'SIVEDGFMV']
ZNF2,['FQCNECYKA' 'RQSPLCPKL']
ZNF234,['SAVHIHQRV' 'KSFCYISAV']
ZNF276,['AYCGVIQVV' 'SAYCGVIQV' 'TLSSAYCGV']
ZNF318,['SIPVAQVPV' 'SLRGSIPVA']
ZNF350,['VINYILFYV' 'SVINYILFY' 'VVPSVINYI']
ZNF41,['YLIPKSEAA' 'HLLSVGYLI']
ZNF440,['SVVPLPFDI' 'SVVPSVVPL']
ZNF479,['LLSFRDIAI' 'GLLSFRDIA']
ZNF786,['LLHSGEMLF' 'QLLHSGEML']
ZNG1A,['YLDCIITIV' 'IYLDCIITI']
ZP1,['YLPCIVRRT' 'VASGYLPCI']
ZP4,['LLDSVLLAL' 'LLLDSVLLA']
ZSWIM1,['TLEVTTHIL' 'QTLEVTTHI']
ZZEF1,['ITVHPMVTI' 'HSITVHPMV' 'HLPTHSITV']
